pdb_id,method,resolution,chains,residue_range,title,release_date,n_ligands_total,has_heme,n_drug_ligands,ligand_codes,ligand_names,ligand_smiles,ligand_mw,all_het_codes
9YK4,X-ray,1.78 Å,A,21-503,Crystal structure of CYP3A4 bound to imidazole and tetraethylene glycol,2025-12-03,5,True,0,,,,,EDO;GOL;PG4;IMD;HEM
9PLK,X-ray,2.25 Å,A,21-503,Interaction of human CYP3A4 with the drug darifenacin,2025-09-17,3,True,1,A1CIW,darifenacin,c1ccc(cc1)C(c2ccccc2)([C@@H]3CCN(C3)CCc4ccc5c(c4)CCO5)C(=O)N,426.6,A1CIW;GOL;HEM
9PLJ,X-ray,2.72 Å,A,21-503,Crystal structure of human CYP3A4 with substrate THC,2025-09-17,2,True,1,TCI,"(6aR,10aR)-6,6,9-trimethyl-3-pentyl-6a,7,8,10a-tetrahydro-6H-benzo[c]chromen-1-ol",CCCCCc1cc(c2c(c1)OC([C@H]3[C@H]2C=C(CC3)C)(C)C)O,314.5,HEM;TCI
9MS1,X-ray,3.40 Å,A,24-503,Crystal structure of human CYP3A4 in complex with SJYHJ-111,2025-04-16,2,True,1,A1BNX,N'-(2-chlorophenyl)-N-[(3-hydroxyphenyl)methyl]-N-[(2P)-2-(1H-imidazol-1-yl)-5-(trifluoromethyl)phenyl]urea,c1ccc(c(c1)NC(=O)N(Cc2cccc(c2)O)c3cc(ccc3n4ccnc4)C(F)(F)F)Cl,486.9,A1BNX;HEM
9GK1,X-ray,2.95 Å,A,25-503,SSX structure of human cytochrome P450 3A4 at room temperature,2025-05-07,1,True,0,,,,,HEM
9COY,X-ray,2.65 Å,A,21-503,Crystal structure of CYP3A4 bound to an inhibitor,2025-01-08,2,True,1,A1A4T,"N-[(2S)-1-([1,1'-biphenyl]-4-yl)-3-{[(2R)-1-oxo-3-phenyl-1-{[3-(pyridin-3-yl)propyl]amino}propan-2-yl]sulfanyl}propan-2-yl]-2,2-dimethylpropanamide",CC(C)(C)C(=O)N[C@@H](Cc1ccc(cc1)c2ccccc2)CS[C@H](Cc3ccccc3)C(=O)NCCCc4cccnc4,593.8,HEM;A1A4T
9COX,X-ray,2.72 Å,A,21-503,Crystal structure of CYP3A4 bound to an inhibitor,2025-01-08,2,True,1,A1A4K,N-[(2S)-1-(naphthalen-1-yl)-3-{[(2S)-1-oxo-3-phenyl-1-{[3-(pyridin-3-yl)propyl]amino}propan-2-yl]sulfanyl}propan-2-yl]pyridine-3-carboxamide,c1ccc(cc1)C[C@@H](C(=O)NCCCc2cccnc2)SC[C@H](Cc3cccc4c3cccc4)NC(=O)c5cccnc5,588.8,HEM;A1A4K
9COW,X-ray,2.30 Å,A,21-503,Crystal structure of CYP3A4 bound to an inhibitor,2025-01-08,3,True,1,A1A4V,N-[(2S)-1-(naphthalen-1-yl)-3-{[(2R)-1-oxo-3-phenyl-1-{[3-(pyridin-3-yl)propyl]amino}propan-2-yl]sulfanyl}propan-2-yl]pyridine-3-carboxamide,c1ccc(cc1)C[C@H](C(=O)NCCCc2cccnc2)SC[C@H](Cc3cccc4c3cccc4)NC(=O)c5cccnc5,588.8,A1A4V;GOL;HEM
9COV,X-ray,2.60 Å,A,21-503,Crystal structure of CYP3A4 bound to an inhibitor,2025-01-08,2,True,1,A1A4S,N-[(2S)-1-(1H-indol-3-yl)-3-{[(2R)-1-oxo-3-phenyl-1-{[3-(pyridin-3-yl)propyl]amino}propan-2-yl]sulfanyl}propan-2-yl]pyridine-3-carboxamide,c1ccc(cc1)C[C@H](C(=O)NCCCc2cccnc2)SC[C@H](Cc3c[nH]c4c3cccc4)NC(=O)c5cccnc5,577.7,HEM;A1A4S
9COU,X-ray,2.81 Å,A,21-503,Crystal structure of CYP3A4 bound to an inhibitor,2025-01-08,2,True,1,A1A4U,(2R)-2-{[(2S)-2-(benzenesulfonamido)-3-phenylpropyl]sulfanyl}-3-phenyl-N-[3-(pyridin-3-yl)propyl]propanamide,c1ccc(cc1)C[C@@H](CS[C@H](Cc2ccccc2)C(=O)NCCCc3cccnc3)NS(=O)(=O)c4ccccc4,573.8,A1A4U;HEM
9COT,X-ray,2.81 Å,A,21-503,Crystal structure of CYP3A4 bound to an inhibitor,2025-01-08,2,True,1,A1A08,"(2R)-3-phenyl-2-{[(2S)-3-phenyl-2-(2,2,2-trifluoroacetamido)propyl]sulfanyl}-N-[3-(pyridin-3-yl)propyl]propanamide",c1ccc(cc1)C[C@@H](CS[C@H](Cc2ccccc2)C(=O)NCCCc3cccnc3)NC(=O)C(F)(F)F,529.6,A1A08;HEM
9COS,X-ray,2.75 Å,A,21-503,Crystal structure of CYP3A4 bound to an inhibitor,2025-01-08,2,True,1,A1A06,(2R)-3-phenyl-2-{[(2S)-3-phenyl-2-{[N-(trifluoroacetyl)glycyl]amino}propyl]sulfanyl}-N-[3-(pyridin-3-yl)propyl]propanamide,c1ccc(cc1)C[C@@H](CS[C@H](Cc2ccccc2)C(=O)NCCCc3cccnc3)NC(=O)CNC(=O)C(F)(F)F,586.7,HEM;A1A06
9COR,X-ray,2.55 Å,A,21-503,Crystal structure of CYP3A4 bound to an inhibitor,2025-01-08,2,True,1,A1A07,(2R)-3-phenyl-2-{[(2S)-3-phenyl-2-{[N-(trifluoroacetyl)glycyl]amino}propyl]sulfanyl}-N-[2-(pyridin-3-yl)ethyl]propanamide,c1ccc(cc1)C[C@@H](CS[C@H](Cc2ccccc2)C(=O)NCCc3cccnc3)NC(=O)CNC(=O)C(F)(F)F,572.6,HEM;A1A07
9BVC,X-ray,2.80 Å,A,24-503,Crystal structure of human CYP3A4 in complex with SJYHJ-110,2025-04-16,2,True,1,A1ASO,N-(2-chlorophenyl)-N-[(3-hydroxyphenyl)methyl]-N'-[(2P)-2-(1H-imidazol-1-yl)-5-(trifluoromethyl)phenyl]urea,c1ccc(c(c1)N(Cc2cccc(c2)O)C(=O)Nc3cc(ccc3n4ccnc4)C(F)(F)F)Cl,486.9,A1ASO;HEM
9BVB,X-ray,3.00 Å,A,24-503,Crystal structure of human CYP3A4 in complex with SJYHJ-075,2025-04-16,2,True,1,A1ASP,2-(2-chlorophenyl)-N-[(2P)-2-(1H-imidazol-1-yl)-5-(trifluoromethyl)phenyl]acetamide,c1ccc(c(c1)CC(=O)Nc2cc(ccc2n3ccnc3)C(F)(F)F)Cl,379.8,A1ASP;HEM
9BVA,X-ray,3.02 Å,A,24-503,Crystal structure of human CYP3A4 in complex with SJYHJ-106,2025-04-16,2,True,1,A1ASQ,N-[2-(2-chloroethyl)phenyl]-N'-[(2P)-2-(1H-imidazol-1-yl)-5-(trifluoromethyl)phenyl]urea,c1ccc(c(c1)CCCl)NC(=O)Nc2cc(ccc2n3ccnc3)C(F)(F)F,408.8,A1ASQ;HEM
9BV9,X-ray,2.95 Å,A,24-503,Crystal structure of human CYP3A4 in complex with Z56791366,2025-04-16,2,True,1,A1ASR,N-(2-chlorophenyl)-N'-[(2P)-2-(1H-imidazol-1-yl)-5-(trifluoromethyl)phenyl]urea,c1ccc(c(c1)NC(=O)Nc2cc(ccc2n3ccnc3)C(F)(F)F)Cl,380.8,A1ASR;HEM
9BV8,X-ray,3.00 Å,A,24-503,Crystal structure of human CYP3A4 in complex with SJYHJ-114,2025-04-16,2,True,1,A1ASS,N-[(2P)-2-(1H-imidazol-1-yl)-5-(trifluoromethyl)phenyl]cyclobutanecarboxamide,c1cc(c(cc1C(F)(F)F)NC(=O)C2CCC2)n3ccnc3,309.3,A1ASS;HEM
9BV7,X-ray,3.21 Å,A,24-503,Crystal structure of human CYP3A4 in complex with SJ000310315,2025-04-16,2,True,1,A1AST,"3-(2-chlorophenyl)-N-{[(2S,7M)-7-(pyridin-3-yl)-2,3-dihydro-1-benzofuran-2-yl]methyl}propanamide",c1ccc(c(c1)CCC(=O)NC[C@@H]2Cc3cccc(c3O2)c4cccnc4)Cl,392.9,A1AST;HEM
9BV6,X-ray,3.10 Å,A,24-503,Crystal structure of human CYP3A4 in complex with SJ000388260,2025-04-16,3,True,2,PG0;A1ASU,"2-(2-METHOXYETHOXY)ETHANOL | 5-(4-methoxyphenyl)-1-[4-(2-methyl-1,3-thiazol-4-yl)phenyl]-1H-1,2,3-triazole",COCCOCCO | Cc1nc(cs1)c2ccc(cc2)n3c(cnn3)c4ccc(cc4)OC,120.1;348.4,PG0;A1ASU;HEM
9BV5,X-ray,2.71 Å,A,24-503,Crystal structure of human CYP3A4 in complex with SJ000362065,2025-04-16,3,True,1,A1ASV,"N-[(2P)-2-(1H-imidazol-1-yl)-5-(trifluoromethyl)phenyl]-2,2-dimethylpropanamide",CC(C)(C)C(=O)Nc1cc(ccc1n2ccnc2)C(F)(F)F,311.3,HEM;A1ASV;EDO
9BBB,X-ray,2.50 Å,A,21-503,Human CYP3A4 bound to an inhibitor,2024-07-03,2,True,1,A1APA,cobicistat,CC(C)c1nc(cs1)CN(C)C(=O)N[C@@H](CCN2CCOCC2)C(=O)N[C@H](CC[C@H](Cc3ccccc3)NC(=O)OCc4cncs4)Cc5ccccc5,776.0,HEM;A1APA
8SPD,X-ray,2.90 Å,A,24-503,Cytochrome P450 (CYP) 3A4 crystallized with clotrimazole,2023-10-11,2,True,1,CL6,1-[(2-CHLOROPHENYL)(DIPHENYL)METHYL]-1H-IMIDAZOLE,c1ccc(cc1)C(c2ccccc2)(c3ccccc3Cl)n4ccnc4,344.8,CL6;HEM
8SO2,X-ray,2.15 Å,A,21-503,Human CYP3A4 bound to a substrate,2023-08-02,2,True,1,CFF,CAFFEINE,Cn1cnc2c1C(=O)N(C(=O)N2C)C,194.2,CFF;HEM
8SO1,X-ray,2.05 Å,A,21-503,Human CYP3A4 bound to three caffeine molecules,2023-08-02,2,True,1,CFF,CAFFEINE,Cn1cnc2c1C(=O)N(C(=O)N2C)C,194.2,CFF;HEM
8EXB,X-ray,2.05 Å,A,21-503,Crystal structure of CYP3A4 bound to an inhibitor,2023-02-01,2,True,1,X4E,"{N-[([2,2'-bipyridin]-5-yl-kappa~2~N~1~,N~1'~)methyl]-3-(pyridin-3-yl)propanamide}bis[2-(quinolin-2-yl-kappaN)-1-benzothiophen-3-yl-kappaC~3~]iridium(1+)",c1ccc2c(c1)c3c(s2)C4=CC=C5C=CC=CC5=[N]4[Ir+]367(c8c9ccccc9sc8C1=CC=C2C=CC=CC2=[N]61)[N]1=CC=CC=C1C1=CC=C(C=[N]71)CNC(=O)CCc1cccnc1,1031.3,X4E;HEM
8EWS,X-ray,2.15 Å,A,21-503,Crystal structure of CYP3A4 bound to an inhibitor,2023-02-01,2,True,1,X2Q,"{N-[([2,2'-bipyridin]-5-yl-kappa~2~N~1~,N~1'~)methyl]-3-(pyridin-4-yl)propanamide}bis[2-(quinolin-2-yl-kappaN)-1-benzothiophen-3-yl-kappaC~3~]iridium(1+)",c1ccc2c(c1)C=CC3=[N]2[Ir+]45(c6c3sc7c6cccc7)(c8c9ccccc9sc8C1=CC=C2C=CC=CC2=[N]41)[N]1=C(C=CC=C1)C1=[N]5C=C(C=C1)CNC(=O)CCc1ccncc1,1031.3,X2Q;HEM
8EWR,X-ray,2.20 Å,A,21-503,Crystal structure of CYP3A4 bound to an inhibitor,2023-02-01,2,True,1,WZN,"{tert-butyl [1-{[([2,2'-bipyridin]-5-yl-kappa~2~N~1~,N~1'~)methyl]amino}-1-oxo-3-(pyridin-4-yl)propan-2-yl]carbamate}bis[2-(quinolin-2-yl-kappaN)phenyl-kappaC~1~]iridium(1+)",CC(C)(C)OC(=O)N[C@@H](Cc1ccncc1)C(=O)NCC2=C[N]3=C(C=C2)C4=CC=CC=[N]4[Ir+]356(c7ccccc7C8=[N]5c9ccccc9C=C8)c1ccccc1C1=CC=C2C=CC=CC2=[N]61,1034.2,WZN;HEM
8EWQ,X-ray,2.25 Å,A,21-503,Crystal structure of CYP3A4 bound to an inhibitor,2023-02-01,2,True,1,X2B,"{N-[1-{[([2,2'-bipyridin]-5-yl-kappa~2~N~1~,N~1'~)methyl]amino}-1-oxo-3-(pyridin-4-yl)propan-2-yl]benzamide}bis[2-(quinolin-2-yl-kappaN)phenyl-kappaC~1~]iridium(1+)",c1ccc(cc1)C(=O)N[C@@H](Cc2ccncc2)C(=O)NCC3=C[N]4=C(C=C3)C5=[N]([Ir+]467(c8ccccc8C9=[N]6c1ccccc1C=C9)c1ccccc1C1=CC=C2C=CC=CC2=[N]71)C=CC=C5,1038.2,X2B;HEM
8EWP,X-ray,2.40 Å,A,21-503,Crystal structure of CYP3A4 bound to an inhibitor,2023-02-01,2,True,1,X2Q,"{N-[([2,2'-bipyridin]-5-yl-kappa~2~N~1~,N~1'~)methyl]-3-(pyridin-4-yl)propanamide}bis[2-(quinolin-2-yl-kappaN)-1-benzothiophen-3-yl-kappaC~3~]iridium(1+)",c1ccc2c(c1)C=CC3=[N]2[Ir+]45(c6c3sc7c6cccc7)(c8c9ccccc9sc8C1=CC=C2C=CC=CC2=[N]41)[N]1=C(C=CC=C1)C1=[N]5C=C(C=C1)CNC(=O)CCc1ccncc1,1031.3,X2Q;HEM
8EWN,X-ray,2.10 Å,A,21-503,Crystal structure of CYP3A4 bound to an inhibitor,2023-02-01,2,True,1,X1O,"{N-[([2,2'-bipyridin]-5-yl-kappa~2~N~1~,N~1'~)methyl]-3-(pyridin-4-yl)propanamide}bis[3,5-difluoro-2-(pyridin-2-yl-kappaN)phenyl-kappaC~1~]iridium(1+)",c1cnccc1CCC(=O)NCC2=CC=C3C4=CC=CC=[N]4[Ir+]56([N]3=C2)(c7cc(cc(c7C8=[N]5C=CC=C8)F)F)c9cc(cc(c9C1=CC=CC=[N]61)F)F,890.9,X1O;HEM
8EWM,X-ray,2.30 Å,A,21-503,Crystal structure of CYP3A4 bound to an inhibitor,2023-02-01,2,True,1,X1I,"{tert-butyl [1-{[([2,2'-bipyridin]-5-yl-kappa~2~N~1~,N~1'~)methylidene]amino}-1-oxo-3-(pyridin-4-yl)propan-2-yl]carbamate}bis[3,5-difluoro-2-(pyridin-2-yl-kappaN)phenyl-kappaC~1~]iridium(1+)",CC(C)(C)OC(=O)N[C@@H](Cc1ccncc1)C(=O)/N=C\C2=C[N]3=C(C=C2)C4=[N]([Ir+]356(c7cc(cc(c7C8=[N]5C=CC=C8)F)F)c9cc(cc(c9C1=CC=CC=[N]61)F)F)C=CC=C4,1004.0,X1I;HEM
8EWL,X-ray,2.35 Å,A,21-503,Crystal structure of CYP3A4 bound to an inhibitor,2023-02-01,2,True,1,X1C,"{N-[([2,2'-bipyridin]-5-yl-kappa~2~N~1~,N~1'~)methyl]-3-(pyridin-4-yl)propanamide}bis[2-(quinolin-2-yl-kappaN)phenyl-kappaC~1~]iridium(1+)",c1ccc2c(c1)C=CC3=[N]2[Ir+]45(c6c3cccc6)(c7ccccc7C8=CC=C9C=CC=CC9=[N]48)[N]1=C(C=CC=C1)C1=[N]5C=C(C=C1)CNC(=O)CCc1ccncc1,919.1,X1C;HEM
8EWE,X-ray,2.30 Å,A,21-503,Crystal structure of CYP3A4 bound to an inhibitor,2023-02-01,2,True,1,X0E,"{tert-butyl [1-{[([2,2'-bipyridin]-5-yl-kappa~2~N~1~,N~1'~)methyl]amino}-1-oxo-3-(pyridin-4-yl)propan-2-yl]carbamate}bis[2-(quinolin-2-yl-kappaN)phenyl-kappaC~1~]iridium",CC(C)(C)OC(=O)N[C@H](Cc1ccncc1)C(=O)NCC2=C[N]3=C(C=C2)C4=CC=CC=[N]4[Ir+]356(c7ccccc7C8=[N]5c9ccccc9C=C8)c1ccccc1C1=CC=C2C=CC=CC2=[N]61,1034.2,X0E;HEM
8EWD,X-ray,2.20 Å,A,21-503,Crystal structure of CYP3A4 bound to an inhibitor,2023-02-01,2,True,1,WZN,"{tert-butyl [1-{[([2,2'-bipyridin]-5-yl-kappa~2~N~1~,N~1'~)methyl]amino}-1-oxo-3-(pyridin-4-yl)propan-2-yl]carbamate}bis[2-(quinolin-2-yl-kappaN)phenyl-kappaC~1~]iridium(1+)",CC(C)(C)OC(=O)N[C@@H](Cc1ccncc1)C(=O)NCC2=C[N]3=C(C=C2)C4=CC=CC=[N]4[Ir+]356(c7ccccc7C8=[N]5c9ccccc9C=C8)c1ccccc1C1=CC=C2C=CC=CC2=[N]61,1034.2,WZN;HEM
8DYC,X-ray,2.40 Å,A,21-503,Human CYP3A4 bound to a substrate,2022-10-26,3,True,1,UC7,"2-butyl-6-(butylamino)-1H-benzo[de]isoquinoline-1,3(2H)-dione",CCCCNc1ccc2c3c1cccc3C(=O)N(C2=O)CCCC,324.4,GOL;UC7;HEM
7UFF,X-ray,2.70 Å,A/B,21-503,Human CYP3A4 bound to an inhibitor,2022-07-27,3,True,1,NYF,N-(2-oxo-2-{[(2S)-1-{[(2R)-1-oxo-3-phenyl-1-{[3-(pyridin-3-yl)propyl]amino}propan-2-yl]sulfanyl}-3-phenylpropan-2-yl]amino}ethyl)pyridine-3-carboxamide,c1ccc(cc1)C[C@@H](CS[C@H](Cc2ccccc2)C(=O)NCCCc3cccnc3)NC(=O)CNC(=O)c4cccnc4,595.8,NYF;PO4;HEM
7UFE,X-ray,2.40 Å,A/B,21-503,Human CYP3A4 bound to an inhibitor,2022-07-27,3,True,1,NXR,N-[(2S)-1-{[(2R)-1-oxo-3-phenyl-1-{[3-(pyridin-3-yl)propyl]amino}propan-2-yl]sulfanyl}-3-phenylpropan-2-yl]pyridine-3-carboxamide,c1ccc(cc1)C[C@@H](CS[C@H](Cc2ccccc2)C(=O)NCCCc3cccnc3)NC(=O)c4cccnc4,538.7,NXR;GOL;HEM
7UFD,X-ray,2.90 Å,A,21-503,Human CYP3A4 bound to an inhibitor,2022-07-27,2,True,1,T0K,(2S)-3-phenyl-2-({(2S)-3-phenyl-2-[3-(pyridin-3-yl)propanamido]propyl}sulfanyl)-N-[2-(pyridin-3-yl)ethyl]propanamide,c1ccc(cc1)C[C@@H](CS[C@@H](Cc2ccccc2)C(=O)NCCc3cccnc3)NC(=O)CCc4cccnc4,552.7,T0K;HEM
7UFC,X-ray,2.35 Å,A,21-503,Human CYP3A4 bound to an inhibitor,2022-07-27,2,True,1,NJO,(2R)-3-phenyl-2-({(2S)-3-phenyl-2-[3-(pyridin-3-yl)propanamido]propyl}sulfanyl)-N-[2-(pyridin-3-yl)ethyl]propanamide,c1ccc(cc1)C[C@@H](CS[C@H](Cc2ccccc2)C(=O)NCCc3cccnc3)NC(=O)CCc4cccnc4,552.7,NJO;HEM
7UFB,X-ray,2.25 Å,A,21-503,CYP3A4 bound to an inhibitor,2022-07-27,2,True,1,NJ0,(2R)-3-phenyl-2-({(2S)-3-phenyl-2-[2-(pyridin-3-yl)acetamido]propyl}sulfanyl)-N-[(pyridin-3-yl)methyl]propanamide,c1ccc(cc1)C[C@@H](CS[C@H](Cc2ccccc2)C(=O)NCc3cccnc3)NC(=O)Cc4cccnc4,524.7,NJ0;HEM
7UFA,X-ray,2.50 Å,A,21-503,CYP3A4 bound to an inhibitor,2022-07-27,2,True,1,NI6,tert-butyl [(2S)-1-{[(2R)-1-oxo-3-phenyl-1-{[3-(pyridin-4-yl)propyl]amino}propan-2-yl]sulfanyl}-3-phenylpropan-2-yl]carbamate,CC(C)(C)OC(=O)N[C@@H](Cc1ccccc1)CS[C@H](Cc2ccccc2)C(=O)NCCCc3ccncc3,533.7,NI6;HEM
7UF9,X-ray,2.45 Å,A,21-503,CYP3A4 bound to an inhibitor,2022-07-27,2,True,1,NH0,tert-butyl [(2S)-1-{[(2R)-1-oxo-3-phenyl-1-{[2-(pyridin-4-yl)ethyl]amino}propan-2-yl]sulfanyl}-3-phenylpropan-2-yl]carbamate,CC(C)(C)OC(=O)N[C@@H](Cc1ccccc1)CS[C@H](Cc2ccccc2)C(=O)NCCc3ccncc3,519.7,NH0;HEM
7UAZ,X-ray,2.65 Å,A,21-503,Crystal structure of human CYP3A4 with the caged inhibitor,2022-08-31,2,True,1,O3L,"(N-[([2,2'-bipyridin]-5-yl-kappa~2~N~1~,N~1'~)methyl]-3-{[(pyridin-3-yl)methyl]sulfanyl}propanamide)bis[2-(pyridin-2-yl-kappaN)phenyl-kappaC~1~]iridium",c1ccc2c(c1)C3=[N]([Ir]245(c6ccccc6C7=[N]4C=CC=C7)[N]8=CC=CC=C8C9=CC=C(C=[N]59)CNC(=O)CCSCc1cccnc1)C=CC=C3,865.1,O3L;HEM
7UAY,X-ray,2.78 Å,A,21-503,Crystal structure of human CYP3A4 with the caged inhibitor,2022-08-31,2,True,1,O39,"(N-[([2,2'-bipyridin]-5-yl-kappa~2~N~1~,N~1'~)methyl]-3-{[(pyridin-3-yl)methyl]sulfanyl}propanamide)bis[2-(quinolin-2-yl-kappaN)phenyl-kappaC~1~]iridium",c1ccc2c(c1)C=CC3=[N]2[Ir]45(c6c3cccc6)(c7ccccc7C8=[N]4c9ccccc9C=C8)[N]1=C(C=CC=C1)C1=[N]5C=C(C=C1)CNC(=O)CCSCc1cccnc1,965.2,O39;HEM
7LXL,X-ray,2.75 Å,A,23-503,Crystal structure of human CYP3A4 bound to the testosterone dimer,2021-04-28,2,True,1,YNV,"17alpha-hydroxy-7alpha-[(2Z)-4-(17beta-hydroxy-3-oxo-8alpha-androst-4-en-7beta-yl)but-2-en-1-yl]-8alpha,10alpha,13alpha,14beta-androst-4-en-3-one",C[C@]12CC[C@H]3[C@H]([C@@H]1CC[C@@H]2O)[C@@H](CC4=CC(=O)CC[C@]34C)C/C=C\C[C@@H]5CC6=CC(=O)CC[C@@]6([C@@H]7[C@@H]5[C@@H]8CC[C@@H]([C@]8(CC7)C)O)C,628.9,YNV;HEM
7KVS,X-ray,2.50 Å,A/B,21-503,Human CYP3A4 bound to an inhibitor,2021-01-20,5,True,1,X74,tert-butyl [(2R)-1-(naphthalen-1-yl)-3-{[(2R)-1-oxo-3-phenyl-1-{[3-(pyridin-3-yl)propyl]amino}propan-2-yl]sulfanyl}propan-2-yl]carbamate,CC(C)(C)OC(=O)N[C@H](Cc1cccc2c1cccc2)CS[C@H](Cc3ccccc3)C(=O)NCCCc4cccnc4,583.8,X74;EDO;GOL;SO4;HEM
7KVQ,X-ray,2.75 Å,A/B,21-503,Human CYP3A4 bound to an inhibitor,2021-01-20,5,True,1,X7D,tert-butyl [(2S)-1-(naphthalen-1-yl)-3-{[(2S)-1-oxo-3-phenyl-1-{[3-(pyridin-3-yl)propyl]amino}propan-2-yl]sulfanyl}propan-2-yl]carbamate,CC(C)(C)OC(=O)N[C@@H](Cc1cccc2c1cccc2)CS[C@@H](Cc3ccccc3)C(=O)NCCCc4cccnc4,583.8,X7D;EDO;GOL;SO4;HEM
7KVP,X-ray,2.75 Å,A,21-503,Human CYP3A4 bound to an inhibitor,2021-01-20,2,True,1,X6J,tert-butyl [(2R)-1-(naphthalen-1-yl)-3-{[(2S)-1-oxo-3-phenyl-1-{[3-(pyridin-3-yl)propyl]amino}propan-2-yl]sulfanyl}propan-2-yl]carbamate,CC(C)(C)OC(=O)N[C@H](Cc1cccc2c1cccc2)CS[C@@H](Cc3ccccc3)C(=O)NCCCc4cccnc4,583.8,X6J;HEM
7KVO,X-ray,2.65 Å,A/B,21-503,Human CYP3A4 bound to an inhibitor,2021-01-20,3,True,1,X6S,tert-butyl [(2S)-1-(naphthalen-1-yl)-3-{[(2R)-1-oxo-3-phenyl-1-{[3-(pyridin-3-yl)propyl]amino}propan-2-yl]sulfanyl}propan-2-yl]carbamate,CC(C)(C)OC(=O)N[C@@H](Cc1cccc2c1cccc2)CS[C@H](Cc3ccccc3)C(=O)NCCCc4cccnc4,583.8,X6S;SO4;HEM
7KVN,X-ray,2.70 Å,A/B,21-503,Human CYP3A4 bound to an inhibitor,2021-01-20,2,True,1,X6V,tert-butyl [(2S)-1-(1H-indol-3-yl)-3-{[(2R)-1-oxo-3-phenyl-1-{[3-(pyridin-3-yl)propyl]amino}propan-2-yl]sulfanyl}propan-2-yl]carbamate,CC(C)(C)OC(=O)N[C@@H](Cc1c[nH]c2c1cccc2)CS[C@H](Cc3ccccc3)C(=O)NCCCc4cccnc4,572.8,X6V;HEM
7KVM,X-ray,2.75 Å,A,21-503,Human CYP3A4 bound to an inhibitor,2021-01-20,2,True,1,X71,tert-butyl [(2S)-1-{[(2R)-2-benzyl-3-oxo-3-{[3-(pyridin-3-yl)propyl]amino}propyl]sulfanyl}-3-phenylpropan-2-yl]carbamate,CC(C)(C)OC(=O)N[C@@H](Cc1ccccc1)CSC[C@H](Cc2ccccc2)C(=O)NCCCc3cccnc3,547.8,X71;HEM
7KVK,X-ray,2.55 Å,A/B,21-503,Human CYP3A4 bound to an inhibitor,2021-01-20,5,True,1,X7J,tert-butyl [(2R)-1-{[(2R)-1-oxo-3-phenyl-1-{[3-(pyridin-3-yl)propyl]amino}propan-2-yl]sulfanyl}-3-phenylpropan-2-yl]carbamate,CC(C)(C)OC(=O)N[C@H](Cc1ccccc1)CS[C@H](Cc2ccccc2)C(=O)NCCCc3cccnc3,533.7,EDO;GOL;SO4;X7J;HEM
7KVJ,X-ray,2.65 Å,A,21-503,Human CYP3A4 bound to an inhibitor,2021-01-20,2,True,1,X7M,tert-butyl [(2S)-1-{[(2S)-1-oxo-3-phenyl-1-{[3-(pyridin-3-yl)propyl]amino}propan-2-yl]sulfanyl}-3-phenylpropan-2-yl]carbamate,CC(C)(C)OC(=O)N[C@@H](Cc1ccccc1)CS[C@@H](Cc2ccccc2)C(=O)NCCCc3cccnc3,533.7,X7M;HEM
7KVI,X-ray,2.55 Å,A,21-503,Human CYP3A4 bound to an inhibitor,2021-01-20,3,True,1,X7P,tert-butyl [(2R)-1-{[(2S)-1-oxo-3-phenyl-1-{[3-(pyridin-3-yl)propyl]amino}propan-2-yl]sulfanyl}-3-phenylpropan-2-yl]carbamate,CC(C)(C)OC(=O)N[C@H](Cc1ccccc1)CS[C@@H](Cc2ccccc2)C(=O)NCCCc3cccnc3,533.7,X7P;GOL;HEM
7KVH,X-ray,2.79 Å,A/B,21-503,Human CYP3A4 bound to an inhibitor,2021-01-20,2,True,1,X5Y,tert-butyl [(2S)-1-{[(2R)-1-oxo-3-phenyl-1-{[3-(pyridin-3-yl)propyl]amino}propan-2-yl]sulfanyl}-3-phenylpropan-2-yl]carbamate,CC(C)(C)OC(=O)N[C@@H](Cc1ccccc1)CS[C@H](Cc2ccccc2)C(=O)NCCCc3cccnc3,533.7,X5Y;HEM
7KSA,X-ray,2.50 Å,A,21-503,Crystal structure of human CYP3A4 with the caged inhibitor,2021-06-02,2,True,1,X8P,"(tert-butyl {1-[(1-oxo-3-phenyl-1-{[3-(pyridin-3-yl-kappaN)prop-1-en-1-yl]amino}propan-2-yl)sulfanyl]-3-phenylpropan-2-yl}carbamate)(6,6'-dimethyl-2,2'-bipyridine-kappa~2~N~1~,N~1'~)(1~2~,2~2~:2~6~,3~2~-terpyridine-kappa~3~N~1^{1~},N~2^{1~},N~3^{1~})ruthenium",CC1=CC=CC2=[N]1[Ru]34([N]5=C(C=CC=C5)C6=[N]3C(=CC=C6)C7=CC=CC=[N]47)([N]8=C2C=CC=C8C)[N]9=CC=CC(=C9)CCCNC(=O)[C@@H](Cc1ccccc1)SC[C@H](Cc1ccccc1)NC(=O)OC(C)(C)C,1052.3,X8P;HEM
7KS8,X-ray,2.50 Å,A,21-503,Crystal structure of human CYP3A4 with the caged inhibitor,2021-06-02,3,True,1,X8S,"(tert-butyl {1-[(3-oxo-3-{[(pyridin-3-yl-kappaN)methyl]amino}propyl)sulfanyl]-3-phenylpropan-2-yl}carbamate)(6,6'-dimethyl-2,2'-bipyridine-kappa~2~N~1~,N~1'~)(1~2~,2~2~:2~6~,3~2~-terpyridine-kappa~3~N~1^{1~},N~2^{1~},N~3^{1~})ruthenium",CC1=CC=CC2=[N]1[Ru]34([N]5=CC=CC=C5C6=[N]3C(=CC=C6)C7=CC=CC=[N]47)([N]8=C2C=CC=C8C)[N]9=CC(=CC=C9)CNC(=O)CCSC[C@@H](Cc1ccccc1)NC(=O)OC(C)(C)C,948.2,X8S;GOL;HEM
6UNM,X-ray,2.83 Å,A/B,23-503,CYP3A4 bound to an inhibitor,2020-02-05,2,True,1,QDP,tert-butyl [(2S)-1-(naphthalen-1-yl)-3-{[(2S)-3-(naphthalen-1-yl)-1-oxo-1-{(E)-[2-(pyridin-3-yl)ethylidene]amino}propan-2-yl]sulfanyl}propan-2-yl]carbamate,CC(C)(C)OC(=O)N[C@@H](Cc1cccc2c1cccc2)CS[C@@H](Cc3cccc4c3cccc4)C(=O)/N=C/Cc5cccnc5,617.8,QDP;HEM
6UNL,X-ray,2.55 Å,A,23-503,CYP3A4 bound to an inhibitor,2020-02-05,2,True,1,QDJ,tert-butyl [(2R)-1-(naphthalen-1-yl)-3-{[(2S)-3-(naphthalen-1-yl)-1-oxo-1-{[(pyridin-3-yl)methyl]amino}propan-2-yl]sulfanyl}propan-2-yl]carbamate,CC(C)(C)OC(=O)N[C@H](Cc1cccc2c1cccc2)CS[C@@H](Cc3cccc4c3cccc4)C(=O)NCc5cccnc5,605.8,QDJ;HEM
6UNK,X-ray,2.75 Å,A,23-503,Human CYP3A4 bound to an inhibitor,2020-02-05,2,True,1,QE4,tert-butyl [(2S)-1-(naphthalen-1-yl)-3-{[(2R)-1-oxo-3-phenyl-1-{[2-(pyridin-3-yl)ethyl]amino}propan-2-yl]sulfanyl}propan-2-yl]carbamate,CC(C)(C)OC(=O)N[C@@H](Cc1cccc2c1cccc2)CS[C@H](Cc3ccccc3)C(=O)NCCc4cccnc4,569.8,QE4;HEM
6UNJ,X-ray,2.60 Å,A/B,23-503,Human CYP3A4 bound to an inhibitor,2020-02-05,2,True,1,QDY,tert-butyl [(2R)-1-(naphthalen-1-yl)-3-{[(2S)-1-oxo-3-phenyl-1-{[2-(pyridin-3-yl)ethyl]amino}propan-2-yl]sulfanyl}propan-2-yl]carbamate,CC(C)(C)OC(=O)N[C@H](Cc1cccc2c1cccc2)CS[C@@H](Cc3ccccc3)C(=O)NCCc4cccnc4,569.8,QDY;HEM
6UNI,X-ray,2.60 Å,A,23-503,Human CYP3A4 bound to an inhibitor,2020-02-05,2,True,1,QDV,tert-butyl [(2S)-1-(1H-indol-3-yl)-3-{[(2R)-1-oxo-3-phenyl-1-{[2-(pyridin-3-yl)ethyl]amino}propan-2-yl]sulfanyl}propan-2-yl]carbamate,CC(C)(C)OC(=O)N[C@@H](Cc1c[nH]c2c1cccc2)CS[C@H](Cc3ccccc3)C(=O)NCCc4cccnc4,558.7,QDV;HEM
6UNH,X-ray,2.72 Å,A,23-503,Human CYP3A4 bound to an inhibitor,2020-02-05,2,True,1,QEA,tert-butyl [(2R)-1-(1H-indol-3-yl)-3-{[(2S)-1-oxo-3-phenyl-1-{[2-(pyridin-3-yl)ethyl]amino}propan-2-yl]sulfanyl}propan-2-yl]carbamate,CC(C)(C)OC(=O)N[C@H](Cc1c[nH]c2c1cccc2)CS[C@@H](Cc3ccccc3)C(=O)NCCc4cccnc4,558.7,QEA;HEM
6UNG,X-ray,2.30 Å,A,23-503,Human CYP3A4 bound to an inhibitor,2020-02-05,2,True,1,QEP,tert-butyl [(2S)-1-(naphthalen-1-yl)-3-{[(2R)-3-oxo-2-(phenylamino)-3-{[(pyridin-3-yl)methyl]amino}propyl]sulfanyl}propan-2-yl]carbamate,CC(C)(C)OC(=O)N[C@@H](Cc1cccc2c1cccc2)CSC[C@@H](C(=O)NCc3cccnc3)Nc4ccccc4,570.7,QEP;HEM
6UNE,X-ray,2.55 Å,A,23-503,Human CYP3A4 bound to an inhibitor,2020-02-05,2,True,1,QES,tert-butyl [(2R)-1-(1H-indol-3-yl)-3-{[(2S)-3-oxo-2-(phenylamino)-3-{[(pyridin-3-yl)methyl]amino}propyl]sulfanyl}propan-2-yl]carbamate,CC(C)(C)OC(=O)N[C@H](Cc1c[nH]c2c1cccc2)CSC[C@H](C(=O)NCc3cccnc3)Nc4ccccc4,559.7,QES;HEM
6OOB,X-ray,2.20 Å,A,21-503,Human CYP3A4 bound to a suicide substrate,2019-09-11,2,True,1,MWS,"4-{[(2Z,6S)-6,7-dihydroxy-3,7-dimethyloct-2-en-1-yl]oxy}-7H-furo[3,2-g][1]benzopyran-7-one",C/C(=C/COc1c2ccoc2cc3c1C=CC(=O)O3)/CC[C@@H](C(C)(C)O)O,372.4,MWS;HEM
6OOA,X-ray,2.52 Å,A,21-503,Human CYP3A4 bound to a drug substrate,2019-09-11,3,True,1,MWY,"(3aS,4R,5S,6R,8R,9R,9aR,10R)-6-ethyl-5-hydroxy-4,6,9,10-tetramethyl-1-oxodecahydro-3a,9-propanocyclopenta[8]annulen-8-yl [(5-amino-1H-1,2,4-triazol-3-yl)sulfanyl]acetate",CC[C@@]1(C[C@H]([C@@]2([C@@H](CC[C@@]3([C@H]2C(=O)CC3)[C@H]([C@@H]1O)C)C)C)OC(=O)CSc4nc([nH]n4)N)C,478.6,MWY;GOL;HEM
6OO9,X-ray,2.25 Å,A,21-503,Human CYP3A4 bound to a drug mibefradil,2019-09-11,4,True,1,MWV,"(1S,2S)-2-(2-{[3-(1H-benzimidazol-2-yl)propyl](methyl)amino}ethyl)-6-fluoro-1-(propan-2-yl)-1,2,3,4-tetrahydronaphthalen-2-yl methoxyacetate",CC(C)[C@H]1c2ccc(cc2CC[C@@]1(CCN(C)CCCc3[nH]c4ccccc4n3)OC(=O)COC)F,495.6,DMS;EDO;MWV;HEM
6MA8,X-ray,1.83 Å,A,23-503,Human CYP3A4 bound to PMSF,2019-01-16,5,True,1,PMF,phenylmethylsulfonyl fluoride,c1ccc(cc1)CS(=O)(=O)F,174.2,DMS;EDO;PMF;GOL;HEM
6MA7,X-ray,2.09 Å,A,23-503,Human CYP3A4 bound to an inhibitor fluconazole,2019-01-16,4,True,1,TPF,"2-(2,4-DIFLUOROPHENYL)-1,3-DI(1H-1,2,4-TRIAZOL-1-YL)PROPAN-2-OL",c1cc(c(cc1F)F)C(Cn2cncn2)(Cn3cncn3)O,306.3,EDO;DMS;TPF;HEM
6MA6,X-ray,2.18 Å,A,23-503,Human CYP3A4 bound to an inhibitor metyrapone,2019-01-16,4,True,1,MYT,METYRAPONE,CC(C)(c1cccnc1)C(=O)c2cccnc2,226.3,EDO;MYT;GOL;HEM
6DAL,X-ray,2.65 Å,A,23-503,Human CYP3A4 bound to an inhibitor,2019-04-03,3,True,1,G1D,Nalpha-{(2S)-2-[(tert-butoxycarbonyl)amino]-3-phenylpropyl}-N-[2-(pyridin-3-yl)ethyl]-D-phenylalaninamide,CC(C)(C)OC(=O)N[C@@H](Cc1ccccc1)CN[C@H](Cc2ccccc2)C(=O)NCCc3cccnc3,502.6,G1D;GOL;HEM
6DAJ,X-ray,2.45 Å,A,23-503,Human CYP3A4 bound to an inhibitor,2019-04-03,4,True,2,GLN;FZV,GLUTAMINE | tert-butyl [(2S)-1-{[(2R)-1-oxo-3-phenyl-1-{[2-(pyridin-3-yl)ethyl]amino}propan-2-yl]sulfanyl}-3-phenylpropan-2-yl]carbamate,C(CC(=O)N)[C@@H](C(=O)O)N | CC(C)(C)OC(=O)N[C@@H](Cc1ccccc1)CS[C@H](Cc2ccccc2)C(=O)NCCc3cccnc3,146.1;519.7,GLN;GOL;FZV;HEM
6DAG,X-ray,2.80 Å,A,23-503,Human CYP3A4 bound to an inhibitor,2019-04-03,2,True,1,G0Y,tert-butyl [(2R)-1-{[(2S)-1-oxo-3-phenyl-1-{[2-(pyridin-3-yl)ethyl]amino}propan-2-yl]sulfanyl}-3-phenylpropan-2-yl]carbamate,CC(C)(C)OC(=O)N[C@H](Cc1ccccc1)CS[C@@H](Cc2ccccc2)C(=O)NCCc3cccnc3,519.7,G0Y;HEM
6DAC,X-ray,2.55 Å,A,23-503,Human CYP3A4 bound to an inhibitor,2019-04-03,2,True,1,FZV,tert-butyl [(2S)-1-{[(2R)-1-oxo-3-phenyl-1-{[2-(pyridin-3-yl)ethyl]amino}propan-2-yl]sulfanyl}-3-phenylpropan-2-yl]carbamate,CC(C)(C)OC(=O)N[C@@H](Cc1ccccc1)CS[C@H](Cc2ccccc2)C(=O)NCCc3cccnc3,519.7,FZV;HEM
6DAB,X-ray,2.35 Å,A,23-503,Human CYP3A4 bound to an inhibitor,2019-04-03,3,True,1,G0V,tert-butyl [(2R)-1-{[(2R)-1-oxo-3-phenyl-1-{[2-(pyridin-3-yl)ethyl]amino}propan-2-yl]sulfanyl}-3-phenylpropan-2-yl]carbamate,CC(C)(C)OC(=O)N[C@H](Cc1ccccc1)CS[C@H](Cc2ccccc2)C(=O)NCCc3cccnc3,519.7,G0V;GOL;HEM
6DAA,X-ray,2.15 Å,A,23-503,Human CYP3A4 bound to an inhibitor,2019-04-03,2,True,1,G0M,tert-butyl [(2S)-1-{[(2R)-1-oxo-3-phenyl-1-{[(pyridin-3-yl)methyl]amino}propan-2-yl]sulfanyl}-3-phenylpropan-2-yl]carbamate,CC(C)(C)OC(=O)N[C@@H](Cc1ccccc1)CS[C@H](Cc2ccccc2)C(=O)NCc3cccnc3,505.7,HEM;G0M
6DA8,X-ray,2.80 Å,A,23-503,Human CYP3A4 bound to an inhibitor,2019-04-03,2,True,1,G0J,Nalpha-{(2S)-2-[(tert-butoxycarbonyl)amino]-3-phenylpropyl}-N-[(pyridin-3-yl)methyl]-D-phenylalaninamide,CC(C)(C)OC(=O)N[C@@H](Cc1ccccc1)CN[C@H](Cc2ccccc2)C(=O)NCc3cccnc3,488.6,G0J;HEM
6DA5,X-ray,2.25 Å,A,23-503,Human CYP3A4 bound to an inhibitor,2019-04-03,2,True,1,G1J,tert-butyl [(2R)-1-{[(2S)-1-oxo-3-phenyl-1-{[(pyridin-3-yl)methyl]amino}propan-2-yl]sulfanyl}-3-phenylpropan-2-yl]carbamate,CC(C)(C)OC(=O)N[C@H](Cc1ccccc1)CS[C@@H](Cc2ccccc2)C(=O)NCc3cccnc3,505.7,G1J;HEM
6DA3,X-ray,2.37 Å,A,23-503,Human CYP3A4 bound to an inhibitor,2019-04-03,2,True,1,G0D,tert-butyl [(2R)-1-{[(2R)-1-oxo-3-phenyl-1-{[(pyridin-3-yl)methyl]amino}propan-2-yl]sulfanyl}-3-phenylpropan-2-yl]carbamate,CC(C)(C)OC(=O)N[C@H](Cc1ccccc1)CS[C@H](Cc2ccccc2)C(=O)NCc3cccnc3,505.7,G0D;HEM
6DA2,X-ray,2.65 Å,A,23-503,Human CYP3A4 bound to an inhibitor,2019-04-03,3,True,1,G0D,tert-butyl [(2R)-1-{[(2R)-1-oxo-3-phenyl-1-{[(pyridin-3-yl)methyl]amino}propan-2-yl]sulfanyl}-3-phenylpropan-2-yl]carbamate,CC(C)(C)OC(=O)N[C@H](Cc1ccccc1)CS[C@H](Cc2ccccc2)C(=O)NCc3cccnc3,505.7,G0D;GOL;HEM
6BDM,X-ray,2.60 Å,A,21-503,Crystal structure of human CYP3A4 bound to an inhibitor,2017-12-13,2,True,1,Y83,tert-butyl [(2S)-1-(1H-indol-3-yl)-3-{[(2S)-3-oxo-2-(phenylamino)-3-{[(pyridin-3-yl)methyl]amino}propyl]sulfanyl}propan-2-yl]carbamate,CC(C)(C)OC(=O)N[C@@H](Cc1c[nH]c2c1cccc2)CSC[C@H](C(=O)NCc3cccnc3)Nc4ccccc4,559.7,Y83;HEM
6BDK,X-ray,2.67 Å,A,21-503,Crystal structure of human CYP3A4 bound to an inhibitor,2017-12-13,2,True,1,DJ1,tert-butyl [(2S)-1-{[(2R)-2-(cyclopentylamino)-3-oxo-3-{[(pyridin-3-yl)methyl]amino}propyl]sulfanyl}-3-(1H-indol-3-yl)propan-2-yl]carbamate,CC(C)(C)OC(=O)N[C@@H](Cc1c[nH]c2c1cccc2)CSC[C@@H](C(=O)NCc3cccnc3)NC4CCCC4,551.7,DJ1;HEM
6BDI,X-ray,2.57 Å,A,21-503,Crystal structure of human CYP3A4 bound to an inhibitor,2017-12-13,2,True,1,DEJ,tert-butyl [(2S)-1-(1H-indol-3-yl)-3-{[(2R)-3-oxo-2-[(propan-2-yl)amino]-3-{[(pyridin-3-yl)methyl]amino}propyl]sulfanyl}propan-2-yl]carbamate,CC(C)N[C@@H](CSC[C@H](Cc1c[nH]c2c1cccc2)NC(=O)OC(C)(C)C)C(=O)NCc3cccnc3,525.7,DEJ;HEM
6BDH,X-ray,2.25 Å,A,21-503,Crystal structure of human CYP3A4 bound to an inhibitor,2017-12-13,2,True,1,DEV,tert-butyl [(2S)-1-{[(2S)-3-oxo-2-(phenylamino)-3-{[(pyridin-3-yl)methyl]amino}propyl]sulfanyl}-3-phenylpropan-2-yl]carbamate,CC(C)(C)OC(=O)N[C@@H](Cc1ccccc1)CSC[C@H](C(=O)NCc2cccnc2)Nc3ccccc3,520.7,DEV;HEM
6BD8,X-ray,2.38 Å,A,21-503,Crystal structure of human CYP3A4 bound to an inhibitor,2017-12-13,2,True,1,D81,S-{(2S)-2-[(1-tert-butoxyethenyl)amino]-3-phenylpropyl}-N~2~-cyclopentyl-N-[(pyridin-3-yl)methyl]-L-cysteinamide,CC(C)(C)OC(=C)N[C@@H](Cc1ccccc1)CSC[C@@H](C(=O)NCc2cccnc2)NC3CCCC3,510.7,D81;HEM
6BD7,X-ray,2.42 Å,A,21-503,Crystal structure of human CYP3A4 bound to an inhibitor,2017-12-13,2,True,1,D7J,tert-butyl [(2S)-1-{[(2R)-3-oxo-2-[(propan-2-yl)amino]-3-{[(pyridin-3-yl)methyl]amino}propyl]sulfanyl}-3-phenylpropan-2-yl]carbamate,CC(C)N[C@@H](CSC[C@H](Cc1ccccc1)NC(=O)OC(C)(C)C)C(=O)NCc2cccnc2,486.7,D7J;HEM
6BD6,X-ray,2.50 Å,A,21-503,Crystal structure of human CYP3A4 bound to an inhibitor,2017-12-13,2,True,1,80K,tert-butyl (2-{[(2S)-3-oxo-2-(phenylamino)-3-{[(pyridin-3-yl)methyl]amino}propyl]sulfanyl}ethyl)carbamate,CC(C)(C)OC(=O)NCCSC[C@H](C(=O)NCc1cccnc1)Nc2ccccc2,430.6,80K;HEM
6BD5,X-ray,2.50 Å,A,21-503,Crystal structure of human CYP3A4 bound to an inhibitor,2017-12-13,2,True,1,D7M,tert-butyl (2-{[(2R)-2-(cyclopentylamino)-3-oxo-3-{[(pyridin-3-yl)methyl]amino}propyl]sulfanyl}ethyl)carbamate,CC(C)(C)OC(=O)NCCSC[C@@H](C(=O)NCc1cccnc1)NC2CCCC2,422.6,D7M;HEM
6BCZ,X-ray,2.23 Å,A,21-503,Crystal structure of human CYP3A4 bound to an inhibitor,2017-12-13,2,True,1,D7Y,tert-butyl (2-{[(2R)-3-oxo-2-[(propan-2-yl)amino]-3-{[(pyridin-3-yl)methyl]amino}propyl]sulfanyl}ethyl)carbamate,CC(C)N[C@@H](CSCCNC(=O)OC(C)(C)C)C(=O)NCc1cccnc1,396.5,D7Y;HEM
5VCG,X-ray,2.20 Å,A,21-503,Crystal structure of the cysteine depleted CYP3A4 bound to bromoergocryptine,2017-05-31,3,True,1,08Y,bromoergocryptine,CC(C)C[C@H]1C(=O)N2CCC[C@H]2[C@]3(N1C(=O)[C@](O3)(C(C)C)NC(=O)[C@H]4CN([C@@H]5Cc6c7c(cccc7[nH]c6Br)C5=C4)C)O,654.6,GOL;08Y;HEM
5VCE,X-ray,2.20 Å,A,21-503,Crystal structure of the cysteine depleted CYP3A4 bound to ritonavir,2017-05-31,2,True,1,RIT,RITONAVIR,CC(C)c1nc(cs1)CN(C)C(=O)N[C@@H](C(C)C)C(=O)N[C@@H](Cc2ccccc2)C[C@@H]([C@H](Cc3ccccc3)NC(=O)OCc4cncs4)O,720.9,RIT;HEM
5VCD,X-ray,1.95 Å,A,21-503,Crystal structure of the cysteine depleted CYP3A4 bound to glycerol,2017-05-31,2,True,0,,,,,HEM;GOL
5VCC,X-ray,1.70 Å,A,21-503,Crystal structure of human CYP3A4 bound to glycerol,2017-05-31,3,True,0,,,,,EDO;GOL;HEM
5VC0,X-ray,2.70 Å,A,21-503,Crystal structure of human CYP3A4 bound to ritonavir,2017-05-31,2,True,1,RIT,RITONAVIR,CC(C)c1nc(cs1)CN(C)C(=O)N[C@@H](C(C)C)C(=O)N[C@@H](Cc2ccccc2)C[C@@H]([C@H](Cc3ccccc3)NC(=O)OCc4cncs4)O,720.9,RIT;HEM
5TE8,X-ray,2.70 Å,A/B/C,21-503,Crystal structure of the midazolam-bound human CYP3A4,2016-12-07,2,True,1,08J,"8-chloro-6-(2-fluorophenyl)-1-methyl-4H-imidazo[1,5-a][1,4]benzodiazepine",Cc1ncc2n1-c3ccc(cc3C(=NC2)c4ccccc4F)Cl,325.8,08J;HEM
5G5J,X-ray,2.60 Å,A,21-503,Crystal structure of human CYP3A4 bound to metformin,2017-06-07,2,True,1,MF8,Metformin,[H]/N=C(/N)\N/C(=N\[H])/N(C)C,129.2,HEM;MF8
5A1R,X-ray,2.45 Å,A,21-503,Crystal structure of cytochrome P450 3A4 bound to progesterone,2015-06-24,2,True,1,STR,PROGESTERONE,CC(=O)[C@H]1CC[C@@H]2[C@@]1(CC[C@H]3[C@H]2CCC4=CC(=O)CC[C@]34C)C,314.5,HEM;STR
5A1P,X-ray,2.50 Å,A,23-503,Crystal structure of cytochrome P450 3A4 bound to progesterone and citrate,2015-06-24,3,True,1,STR,PROGESTERONE,CC(=O)[C@H]1CC[C@@H]2[C@@]1(CC[C@H]3[C@H]2CCC4=CC(=O)CC[C@]34C)C,314.5,CIT;STR;HEM
4NY4,X-ray,2.95 Å,A,25-503,Crystal structure of CYP3A4 in complex with an inhibitor,2014-08-13,2,True,1,2QH,"(8R)-3,3-difluoro-8-[4-fluoro-3-(pyridin-3-yl)phenyl]-8-(4-methoxy-3-methylphenyl)-2,3,4,8-tetrahydroimidazo[1,5-a]pyrimidin-6-amine",Cc1cc(ccc1OC)[C@]2(C3=NCC(CN3C(=N2)N)(F)F)c4ccc(c(c4)c5cccnc5)F,465.5,2QH;HEM
4K9X,X-ray,2.76 Å,A,21-503,Complex of human CYP3A4 with a desoxyritonavir analog,2013-06-19,2,True,1,8AW,"1,3-thiazol-5-ylmethyl [(2R,5R)-5-{[(2S)-2-methylbutanoyl]amino}-1,6-diphenylhexan-2-yl]carbamate",CC[C@H](C)C(=O)N[C@H](CC[C@H](Cc1ccccc1)NC(=O)OCc2cncs2)Cc3ccccc3,493.7,8AW;HEM
4K9W,X-ray,2.40 Å,A/B/C/D,21-503,Complex of human CYP3A4 with a desoxyritonavir analog,2013-06-19,2,True,1,7AW,"N~2~-(methyl{[2-(propan-2-yl)-1,3-thiazol-4-yl]methyl}carbamoyl)-N-[(2R,5S)-1-phenyl-5-{[(1,3-thiazol-5-ylmethoxy)carbonyl]amino}octan-2-yl]-L-valinamide",CCC[C@@H](CC[C@H](Cc1ccccc1)NC(=O)[C@H](C(C)C)NC(=O)N(C)Cc2csc(n2)C(C)C)NC(=O)OCc3cncs3,656.9,7AW;HEM
4K9V,X-ray,2.60 Å,A,21-503,Complex of CYP3A4 with a desoxyritonavir analog,2013-06-19,2,True,1,6AW,"1,3-thiazol-5-ylmethyl [(3S,6S)-6-{[N-(methyl{[2-(propan-2-yl)-1,3-thiazol-4-yl]methyl}carbamoyl)-L-seryl]amino}octan-3-yl]carbamate",CC[C@@H](CC[C@H](CC)NC(=O)OCc1cncs1)NC(=O)[C@H](CO)NC(=O)N(C)Cc2csc(n2)C(C)C,568.8,6AW;HEM
4K9U,X-ray,2.85 Å,A,21-503,Complex of human CYP3A4 with a desoxyritonavir analog,2013-06-19,2,True,1,5AW,"N~2~-(methyl{[2-(propan-2-yl)-1,3-thiazol-4-yl]methyl}carbamoyl)-N-[(2S,5S)-5-{[(1,3-thiazol-5-ylmethoxy)carbonyl]amino}hexan-2-yl]-D-valinamide",C[C@@H](CC[C@H](C)NC(=O)OCc1cncs1)NC(=O)[C@@H](C(C)C)NC(=O)N(C)Cc2csc(n2)C(C)C,552.8,5AW;HEM
4K9T,X-ray,2.50 Å,A,21-503,Complex of CYP3A4 with a desoxyritonavir analog,2013-06-19,2,True,1,1RD,"N~2~-(methyl{[2-(propan-2-yl)-1,3-thiazol-4-yl]methyl}carbamoyl)-N-(4-{[(1,3-thiazol-5-ylmethoxy)carbonyl]amino}butyl)-L-valinamide",CC(C)c1nc(cs1)CN(C)C(=O)N[C@@H](C(C)C)C(=O)NCCCCNC(=O)OCc2cncs2,524.7,1RD;HEM
4I4H,X-ray,2.90 Å,A,21-503,Crystal structure of CYP3A4 ligated to pyridine-substituted desoxyritonavir,2013-04-24,2,True,1,Z9Z,"pyridin-3-ylmethyl [(2R,5S)-5-{[N-(methyl{[2-(propan-2-yl)-1,3-thiazol-4-yl]methyl}carbamoyl)-D-valyl]amino}-1,6-diphenylhexan-2-yl]carbamate",CC(C)c1nc(cs1)CN(C)C(=O)N[C@H](C(C)C)C(=O)N[C@@H](CC[C@H](Cc2ccccc2)NC(=O)OCc3cccnc3)Cc4ccccc4,698.9,Z9Z;HEM
4I4G,X-ray,2.72 Å,A,21-503,Crystal structure of CYP3A4 ligated to oxazole-substituted desoxyritonavir,2013-04-24,2,True,1,Z8Z,"N~2~-(methyl{[2-(propan-2-yl)-1,3-thiazol-4-yl]methyl}carbamoyl)-N-[(2R,5R)-5-{[(1,3-oxazol-5-ylmethoxy)carbonyl]amino}-1,6-diphenylhexan-2-yl]-L-valinamide",CC(C)c1nc(cs1)CN(C)C(=O)N[C@@H](C(C)C)C(=O)N[C@H](CC[C@H](Cc2ccccc2)NC(=O)OCc3cnco3)Cc4ccccc4,688.9,Z8Z;HEM
4I3Q,X-ray,2.60 Å,A,21-503,Crystal structure of human CYP3A4 coordinated to a water molecule,2013-04-24,1,True,0,,,,,HEM
4D7D,X-ray,2.76 Å,A,23-503,Cytochrome P450 3A4 bound to an inhibitor,2015-09-23,2,True,1,PKT,tert-butyl [(2S)-1-(1H-indol-3-yl)-3-({3-oxo-3-[(pyridin-3-ylmethyl)amino]propyl}sulfanyl)propan-2-yl]carbamate,CC(C)(C)OC(=O)N[C@@H](Cc1c[nH]c2c1cccc2)CSCCC(=O)NCc3cccnc3,468.6,PKT;HEM
4D78,X-ray,2.80 Å,A,23-503,Cytochrome P450 3A4 bound to an inhibitor,2015-09-23,3,True,1,J9K,tert-butyl [(2S)-1-({3-oxo-3-[(pyridin-3-ylmethyl)amino]propyl}sulfanyl)-3-phenylpropan-2-yl]carbamate,CC(C)(C)OC(=O)N[C@@H](Cc1ccccc1)CSCCC(=O)NCc2cccnc2,429.6,GOL;J9K;HEM
4D75,X-ray,2.25 Å,A,23-503,Cytochrome P450 3A4 bound to an inhibitor,2015-09-23,2,True,1,PK9,tert-butyl {6-oxo-6-[(pyridin-3-ylmethyl)amino]hexyl}carbamate,CC(C)(C)OC(=O)NCCCCCC(=O)NCc1cccnc1,321.4,HEM;PK9
4D6Z,X-ray,1.93 Å,A,23-503,Cytochrome P450 3A4 bound to imidazole and an inhibitor,2015-09-23,4,True,1,PK9,tert-butyl {6-oxo-6-[(pyridin-3-ylmethyl)amino]hexyl}carbamate,CC(C)(C)OC(=O)NCCCCCC(=O)NCc1cccnc1,321.4,GOL;IMD;PK9;HEM
3UA1,X-ray,2.15 Å,A,23-503,Crystal structure of the cytochrome P4503A4-bromoergocryptine complex,2011-12-14,2,True,1,08Y,bromoergocryptine,CC(C)C[C@H]1C(=O)N2CCC[C@H]2[C@]3(N1C(=O)[C@](O3)(C(C)C)NC(=O)[C@H]4CN([C@@H]5Cc6c7c(cccc7[nH]c6Br)C5=C4)C)O,654.6,08Y;HEM
3TJS,X-ray,2.25 Å,A,23-503,Crystal Structure of the complex between human cytochrome P450 3A4 and desthiazolylmethyloxycarbonyl ritonavir,2012-03-07,2,True,1,D0R,"N-[(2S,4S,5S)-5-amino-4-hydroxy-1,6-diphenylhexan-2-yl]-N~2~-(methyl{[2-(propan-2-yl)-1,3-thiazol-4-yl]methyl}carbamoyl)-L-valinamide",CC(C)c1nc(cs1)CN(C)C(=O)N[C@@H](C(C)C)C(=O)N[C@@H](Cc2ccccc2)C[C@@H]([C@H](Cc3ccccc3)N)O,579.8,D0R;HEM
3NXU,X-ray,2.00 Å,A/B,25-503,Crystal structure of human cytochrome P4503A4 bound to an inhibitor ritonavir,2010-10-20,3,True,1,RIT,RITONAVIR,CC(C)c1nc(cs1)CN(C)C(=O)N[C@@H](C(C)C)C(=O)N[C@@H](Cc2ccccc2)C[C@@H]([C@H](Cc3ccccc3)NC(=O)OCc4cncs4)O,720.9,RIT;HEM;DMS
2V0M,X-ray,2.80 Å,A/B/C/D,25-503,Crystal structure of human P450 3A4 in complex with ketoconazole,2007-06-26,2,True,1,KLN,"1-ACETYL-4-(4-{[(2S,4R)-2-(2,4-DICHLOROPHENYL)-2-(1H-IMIDAZOL-1-YLMETHYL)-1,3-DIOXOLAN-4-YL]METHOXY}PHENYL)PIPERAZINE",CC(=O)N1CCN(CC1)c2ccc(cc2)OC[C@@H]3CO[C@@](O3)(Cn4ccnc4)c5ccc(cc5Cl)Cl,531.4,KLN;HEM
2J0D,X-ray,2.75 Å,A/B,25-503,Crystal structure of human P450 3A4 in complex with erythromycin,2006-09-04,2,True,1,ERY,ERYTHROMYCIN A,CC[C@@H]1[C@@]([C@@H]([C@H](C(=O)[C@@H](C[C@@]([C@@H]([C@H]([C@@H]([C@H](C(=O)O1)C)O[C@H]2C[C@@]([C@H]([C@@H](O2)C)O)(C)OC)C)O[C@H]3[C@@H]([C@H](C[C@H](O3)C)N(C)C)O)(C)O)C)C)O)(C)O,733.9,ERY;HEM
1W0G,X-ray,2.74 Å,A,25-503,Crystal structure of human cytochrome P450 3A4,2004-07-22,2,True,1,MYT,METYRAPONE,CC(C)(c1cccnc1)C(=O)c2cccnc2,226.3,HEM;MYT
1W0F,X-ray,2.65 Å,A,25-503,Crystal structure of human cytochrome P450 3A4,2004-07-22,2,True,1,STR,PROGESTERONE,CC(=O)[C@H]1CC[C@@H]2[C@@]1(CC[C@H]3[C@H]2CCC4=CC(=O)CC[C@]34C)C,314.5,HEM;STR
1W0E,X-ray,2.80 Å,A,25-503,Crystal structure of human cytochrome P450 3A4,2004-07-22,1,True,0,,,,,HEM
1TQN,X-ray,2.05 Å,A,22-503,Crystal Structure of Human Microsomal P450 3A4,2004-07-27,1,True,0,,,,,HEM
